{"iter": 5000, "train/loss": 0.08352325111627579, "val/loss": 4.286198616027832, "lr": 0.0001, "mfu": 12.277661578329134, "_timestamp": 1695480376.200908, "_runtime": 285.5945620536804, "_step": 20, "_wandb": {"runtime": 285}}