{"iter": 5000, "train/loss": 0.08308737725019455, "val/loss": 4.262000560760498, "lr": 0.0001, "mfu": 12.81262923119929, "_timestamp": 1695479070.840487, "_runtime": 286.06383991241455, "_step": 20, "_wandb": {"runtime": 285}}